REM INSERTING into RM92270.BAYER_ALERTPOINT
SET DEFINE OFF;

Insert into RM92270.BAYER_ALERTPOINT (ID,DESCRIPTION,DATE_CREATE,DATE_UPDATE) 
	values (1,'ZIKA',to_timestamp('07-JUN-22 11.40.54.489000000 PM','DD-MON-RR HH.MI.SSXFF AM'),to_timestamp('07-JUN-22 11.41.26.151000000 PM','DD-MON-RR HH.MI.SSXFF AM'));
	
Insert into RM92270.BAYER_ALERTPOINT (ID,DESCRIPTION,DATE_CREATE,DATE_UPDATE) 
	values (2,'MALARIA',to_timestamp('07-JUN-22 11.41.09.871000000 PM','DD-MON-RR HH.MI.SSXFF AM'),to_timestamp('07-JUN-22 11.41.26.230000000 PM','DD-MON-RR HH.MI.SSXFF AM'));
	
Insert into RM92270.BAYER_ALERTPOINT (ID,DESCRIPTION,DATE_CREATE,DATE_UPDATE) 
	values (3,'DENGUE',to_timestamp('07-JUN-22 11.41.22.608000000 PM','DD-MON-RR HH.MI.SSXFF AM'),to_timestamp('07-JUN-22 11.41.26.292000000 PM','DD-MON-RR HH.MI.SSXFF AM'));

REM INSERTING into RM92270.BAYER_CATEGORY
SET DEFINE OFF;

Insert into RM92270.BAYER_CATEGORY (ID,DESCRIPTION,DATE_CREATE,DATE_UPDATE) 
	values (1,'INFECTADO',to_timestamp('07-JUN-22 11.41.45.698000000 PM','DD-MON-RR HH.MI.SSXFF AM'),to_timestamp('07-JUN-22 11.42.02.340000000 PM','DD-MON-RR HH.MI.SSXFF AM'));
	
Insert into RM92270.BAYER_CATEGORY (ID,DESCRIPTION,DATE_CREATE,DATE_UPDATE) 
	values (2,'SUSPEITA',to_timestamp('07-JUN-22 11.41.58.810000000 PM','DD-MON-RR HH.MI.SSXFF AM'),to_timestamp('07-JUN-22 11.42.02.371000000 PM','DD-MON-RR HH.MI.SSXFF AM'));

REM INSERTING into RM92270.BAYER_DOCUMENTTYPE
SET DEFINE OFF;

Insert into RM92270.BAYER_DOCUMENTTYPE (ID,DESCRIPTION,DATE_CREATE,DATE_UPDATE) 
	values (1,'RG',to_timestamp('07-JUN-22 11.42.18.879000000 PM','DD-MON-RR HH.MI.SSXFF AM'),to_timestamp('07-JUN-22 11.42.33.575000000 PM','DD-MON-RR HH.MI.SSXFF AM'));
	
Insert into RM92270.BAYER_DOCUMENTTYPE (ID,DESCRIPTION,DATE_CREATE,DATE_UPDATE) 
	values (2,'CPF',to_timestamp('07-JUN-22 11.42.29.222000000 PM','DD-MON-RR HH.MI.SSXFF AM'),to_timestamp('07-JUN-22 11.42.33.606000000 PM','DD-MON-RR HH.MI.SSXFF AM'));

REM INSERTING into RM92270.BAYER_INSTITUTION
SET DEFINE OFF;

Insert into RM92270.BAYER_INSTITUTION (ID,SOCIALREASON,CNPJ,DATE_CREATE,DATE_UPDATE) 
	values (1,'Posto de Atendimento SP','95.046.986/0001-47',to_timestamp('07-JUN-22 11.54.33.365000000 PM','DD-MON-RR HH.MI.SSXFF AM'),to_timestamp('07-JUN-22 11.54.38.377000000 PM','DD-MON-RR HH.MI.SSXFF AM'));
	
Insert into RM92270.BAYER_INSTITUTION (ID,SOCIALREASON,CNPJ,DATE_CREATE,DATE_UPDATE) 
	values (2,'Posto de Atendimento RJ','35.671.684/0001-38',to_timestamp('07-JUN-22 11.55.18.028000000 PM','DD-MON-RR HH.MI.SSXFF AM'),to_timestamp('07-JUN-22 11.55.20.158000000 PM','DD-MON-RR HH.MI.SSXFF AM'));
	
Insert into RM92270.BAYER_INSTITUTION (ID,SOCIALREASON,CNPJ,DATE_CREATE,DATE_UPDATE) 
	values (3,'Posto de Atendimento PT','95.046.986/0001-47',to_timestamp('07-JUN-22 11.55.18.028000000 PM','DD-MON-RR HH.MI.SSXFF AM'),to_timestamp('07-JUN-22 11.55.20.158000000 PM','DD-MON-RR HH.MI.SSXFF AM'));

REM INSERTING into RM92270.BAYER_INSTITUTIONADDRESS
SET DEFINE OFF;

Insert into RM92270.BAYER_INSTITUTIONADDRESS (ID,"address ","number ",ZIPCODE,COMPLEMENT,DISTRICT,"city ",STATE,UNIT,"date_create ","date_update ",INSTITUTION_ID,LOCATIONTYPE_ID) 
	values (5,'Rua Capao',125,'03541010',null,'Vila Guilhermina','Sao Paulo','Sao Paulo','SP',to_timestamp('08-JUN-22 12.02.42.387000000 AM','DD-MON-RR HH.MI.SSXFF AM'),to_timestamp('08-JUN-22 12.03.42.485000000 AM','DD-MON-RR HH.MI.SSXFF AM'),1,2);
	
Insert into RM92270.BAYER_INSTITUTIONADDRESS (ID,"address ","number ",ZIPCODE,COMPLEMENT,DISTRICT,"city ",STATE,UNIT,"date_create ","date_update ",INSTITUTION_ID,LOCATIONTYPE_ID) 
	values (6,'Rua Janap',52,'03541255',null,'Vila Leopolde','Sao Paulo','Sao Paulo','SP',to_timestamp('08-JUN-22 12.02.42.387000000 AM','DD-MON-RR HH.MI.SSXFF AM'),to_timestamp('08-JUN-22 12.03.42.485000000 AM','DD-MON-RR HH.MI.SSXFF AM'),2,4);
	
Insert into RM92270.BAYER_INSTITUTIONADDRESS (ID,"address ","number ",ZIPCODE,COMPLEMENT,DISTRICT,"city ",STATE,UNIT,"date_create ","date_update ",INSTITUTION_ID,LOCATIONTYPE_ID) 
	values (7,'Jaca Mora',555,'03541255',null,'Vila Leopolde','Sao Paulo','Sao Paulo','SP',to_timestamp('08-JUN-22 12.02.42.387000000 AM','DD-MON-RR HH.MI.SSXFF AM'),to_timestamp('08-JUN-22 12.03.42.485000000 AM','DD-MON-RR HH.MI.SSXFF AM'),3,1);
	

REM INSERTING into RM92270.BAYER_LOCATIONTYPE
SET DEFINE OFF;

Insert into RM92270.BAYER_LOCATIONTYPE (ID,DESCRIPTION,DATE_CREATE,DATE_UPDATE) 
	values (1,'Norte',to_timestamp('07-JUN-22 11.59.36.465000000 PM','DD-MON-RR HH.MI.SSXFF AM'),to_timestamp('08-JUN-22 12.00.15.863000000 AM','DD-MON-RR HH.MI.SSXFF AM'));
	
Insert into RM92270.BAYER_LOCATIONTYPE (ID,DESCRIPTION,DATE_CREATE,DATE_UPDATE) 
	values (2,'Nordeste',to_timestamp('07-JUN-22 11.59.47.033000000 PM','DD-MON-RR HH.MI.SSXFF AM'),to_timestamp('08-JUN-22 12.00.15.910000000 AM','DD-MON-RR HH.MI.SSXFF AM'));
	
Insert into RM92270.BAYER_LOCATIONTYPE (ID,DESCRIPTION,DATE_CREATE,DATE_UPDATE) 
	values (3,'Sudeste',to_timestamp('07-JUN-22 11.59.59.410000000 PM','DD-MON-RR HH.MI.SSXFF AM'),to_timestamp('08-JUN-22 12.00.15.942000000 AM','DD-MON-RR HH.MI.SSXFF AM'));
	
Insert into RM92270.BAYER_LOCATIONTYPE (ID,DESCRIPTION,DATE_CREATE,DATE_UPDATE) 
	values (4,'Sul',to_timestamp('08-JUN-22 12.00.10.368000000 AM','DD-MON-RR HH.MI.SSXFF AM'),to_timestamp('08-JUN-22 12.00.15.973000000 AM','DD-MON-RR HH.MI.SSXFF AM'));	

REM INSERTING into RM92270.BAYER_OCORRENCES
SET DEFINE OFF;

Insert into RM92270.BAYER_OCORRENCES (ID,"note ",DATE_CREATE,DATE_UPDATE,USER_ID,ALERTPOINT_ID,CATEGORY_ID) 
	values (3,'Dores de Cabeça',to_timestamp('08-JUN-22 12.11.25.476000000 AM','DD-MON-RR HH.MI.SSXFF AM'),to_timestamp('08-JUN-22 12.11.21.507000000 AM','DD-MON-RR HH.MI.SSXFF AM'),1,1,1);
	
Insert into RM92270.BAYER_OCORRENCES (ID,"note ",DATE_CREATE,DATE_UPDATE,USER_ID,ALERTPOINT_ID,CATEGORY_ID) 
	values (4,'Dores de Cabeça',to_timestamp('08-JUN-22 12.11.25.476000000 AM','DD-MON-RR HH.MI.SSXFF AM'),to_timestamp('08-JUN-22 12.11.25.476000000 AM','DD-MON-RR HH.MI.SSXFF AM'),2,1,2);
	
Insert into RM92270.BAYER_OCORRENCES (ID,"note ",DATE_CREATE,DATE_UPDATE,USER_ID,ALERTPOINT_ID,CATEGORY_ID) 
	values (5,'Dores de Cabeça',to_timestamp('08-JUN-22 12.11.25.476000000 AM','DD-MON-RR HH.MI.SSXFF AM'),to_timestamp('08-JUN-22 12.11.25.476000000 AM','DD-MON-RR HH.MI.SSXFF AM'),3,2,1);
	
Insert into RM92270.BAYER_OCORRENCES (ID,"note ",DATE_CREATE,DATE_UPDATE,USER_ID,ALERTPOINT_ID,CATEGORY_ID) 
	values (6,'Dores de Cabeça',to_timestamp('08-JUN-22 12.11.25.476000000 AM','DD-MON-RR HH.MI.SSXFF AM'),to_timestamp('08-JUN-22 12.11.25.476000000 AM','DD-MON-RR HH.MI.SSXFF AM'),3,1,1);
	
Insert into RM92270.BAYER_OCORRENCES (ID,"note ",DATE_CREATE,DATE_UPDATE,USER_ID,ALERTPOINT_ID,CATEGORY_ID) 
	values (9,'Dores de Cabeça',to_timestamp('08-JUN-22 12.11.25.476000000 AM','DD-MON-RR HH.MI.SSXFF AM'),to_timestamp('08-JUN-22 12.11.25.476000000 AM','DD-MON-RR HH.MI.SSXFF AM'),2,3,1);
	
Insert into RM92270.BAYER_OCORRENCES (ID,"note ",DATE_CREATE,DATE_UPDATE,USER_ID,ALERTPOINT_ID,CATEGORY_ID) 
	values (12,'Dores de Cabeça',to_timestamp('08-JUN-22 12.11.25.476000000 AM','DD-MON-RR HH.MI.SSXFF AM'),to_timestamp('08-JUN-22 12.11.25.476000000 AM','DD-MON-RR HH.MI.SSXFF AM'),4,3,1);

REM INSERTING into RM92270.BAYER_USER
SET DEFINE OFF;

Insert into RM92270.BAYER_USER (ID,NAME,MAIL,PASSWORD,DOCUMENUMBER,"birthdate ",DATE_CREATE,DATE_UPDATE,DOCUMENTTYPE_ID,INSTITUTION_ID) 
	values (1,'Elio Goncalves de Lima','elio.designer@hotmail.com','Ab@102030','21639921877',to_date('15-JUN-22','DD-MON-RR'),to_timestamp('08-JUN-22 12.05.59.087000000 AM','DD-MON-RR HH.MI.SSXFF AM'),to_timestamp('08-JUN-22 12.06.03.368000000 AM','DD-MON-RR HH.MI.SSXFF AM'),1,1);
	
Insert into RM92270.BAYER_USER (ID,NAME,MAIL,PASSWORD,DOCUMENUMBER,"birthdate ",DATE_CREATE,DATE_UPDATE,DOCUMENTTYPE_ID,INSTITUTION_ID) 
	values (2,'Ana Beatriz','ana@gmail.com','Av@1234','810.665.850-32',to_date('15-JUN-22','DD-MON-RR'),to_timestamp('08-JUN-22 12.05.59.087000000 AM','DD-MON-RR HH.MI.SSXFF AM'),to_timestamp('08-JUN-22 12.05.59.087000000 AM','DD-MON-RR HH.MI.SSXFF AM'),1,2);
	
Insert into RM92270.BAYER_USER (ID,NAME,MAIL,PASSWORD,DOCUMENUMBER,"birthdate ",DATE_CREATE,DATE_UPDATE,DOCUMENTTYPE_ID,INSTITUTION_ID) 
	values (3,'Kaique Bernardo','kaique.bernardo@gmail.com','Ab@45678','089.214.540-47',to_date('08-JUN-22','DD-MON-RR'),to_timestamp('08-JUN-22 12.10.17.607000000 AM','DD-MON-RR HH.MI.SSXFF AM'),to_timestamp('08-JUN-22 12.10.22.002000000 AM','DD-MON-RR HH.MI.SSXFF AM'),1,1);
	
Insert into RM92270.BAYER_USER (ID,NAME,MAIL,PASSWORD,DOCUMENUMBER,"birthdate ",DATE_CREATE,DATE_UPDATE,DOCUMENTTYPE_ID,INSTITUTION_ID) 
	values (4,'Andrei Vedovato','andrei.vedovato@gmail.com','Ab@45678','089.214.540-47',to_date('08-JUN-22','DD-MON-RR'),to_timestamp('08-JUN-22 12.10.17.607000000 AM','DD-MON-RR HH.MI.SSXFF AM'),to_timestamp('08-JUN-22 12.10.22.002000000 AM','DD-MON-RR HH.MI.SSXFF AM'),1,3);
	

REM INSERTING into RM92270.BAYER_USERADDRESS
SET DEFINE OFF;